Timestamp,WILAYAH,REGION,DEPOT,NAMA PIC RSM/ASM (yang ikut ke Jakarta),NAMA TOKO/PERUSAHAAN YANG DIUNDANG,KODE SAP TOKO/PERUSAHAAN YANG DIUNDANG,NAMA PEMILIK TOKO YANG DATANG,QTY
14/08/2026 13:25:25,Indonesia Barat,3B,1V Purwokerto,Johni Afero, PT.PANTALI BERKAH SENTOSA,624628,,1
14/08/2026 13:26:55,Indonesia Barat,3B,1V Purwokerto,Johni Afero,PT. KARMAN KARANGTURI MANDIRI,651910,,1
14/08/2026 13:29:08,Indonesia Barat,3B,1V Purwokerto,Johni afero,PT. RAGIL  JAYA  SEJAHTERA,613040,,1
14/08/2026 14:07:52,Indonesia Barat,3B,1V Purwokerto,johni afero,KENCANA TEKNIK,612666,,1
14/08/2026 14:17:46,Indonesia Barat,3B,1V Purwokerto,johni afero,UTAMA,613731,,1
14/08/2026 14:19:14,Indonesia Barat,3B,1V Purwokerto,johni afero,CV. KARUNIA ABADI,626373,,1
14/08/2026 14:29:51,Indonesia Barat,3B,5N Kebumen,Johni Afero,CV. SUMBER BANGUNAN,622074,,1
14/08/2026 14:48:54,Indonesia Timur,7,3T Madura,Yonathan,CV.WIJAYA CIPTA WARNA,643443,,1
15/08/2026 8:04:47,Indonesia Timur,6,6C Banyuwangi,Edy Purwoadji,CV Aneka Warna Group,629039,,1
15/08/2026 10:46:22,Indonesia Timur,9A,6A Bau Bau,Hery Suyanto,CV. Faro motor,663378,,1
15/08/2026 10:56:59,Indonesia Timur,6A,3E Malang,Handojo sutomo,Cv makmur jaya ,601684,,1
15/08/2026 11:01:06,Indonesia Timur,6A,3E Malang,Handojo soetomo,PT pancanaka bhima sakti,630246,,1
15/08/2026 11:02:43,Indonesia Timur,6A,3E Malang,Handojo soetomo,Rejeki lll,601908,,1
15/08/2026 11:04:29,Indonesia Timur,6A,3E Malang,Handojo soetomo,Cv surya citra mandiri,601685,,1
15/08/2026 11:06:39,Indonesia Timur,6A,3E Malang,Handojo soetomo,Duco & Thiner,601696,,1
19/08/2026 13:42:35,Indonesia Timur,8,3L Banjarmasin,Agus Rahman,Hero,604911,Jonathan Theja,1
19/08/2026 15:30:00,Indonesia Barat,4,1F Bandung,Deri,CV. MEGAH SELATAN DJAYA,608128,Yuki indrawan,1
19/08/2026 16:01:09,Indonesia Timur,6,3H Bali,Edy Purwoadji ,CV. Prisma Prima Utama,650201,Melly,1
19/08/2026 16:03:44,Indonesia Timur,6,3H Bali,Edy Purwoadji ,Pelangi Nusantara ,627767,Nyoman Aria,1
19/08/2026 17:14:56,Indonesia Barat,4,1S Bogor,Pak Oki,Tb. Sumber Usaha,616031,Koh David/Jeky,1
19/08/2026 17:34:42,Indonesia Timur,8,3Q Sampit,Agus Rahman,PT. Samudra Mas Sampit,604655,Yuliana Prayogo,1
20/08/2026 8:05:02,Indonesia Barat,4,1S Bogor,Pak Oki,Cv. Halim Jaya Bersama,632723,Cornelis,1
20/08/2026 8:08:13,Indonesia Barat,3A,5A Pemalang,Exwin Subianto,CV. Juara Raya,665952,Budi Hartono,1
20/08/2026 8:58:48,Indonesia Timur,6A,3F Kediri,Handojo Soetomo,CV Dunia Warna Mandiri,661551,Agus Sudarto,1
20/08/2026 9:21:33,Indonesia Barat,3A,1Y Pati,Exwin Subianto,PT DHARMAYATINDO ASYRIFFA BERKAH,654772,SUDARMAN,1
20/08/2026 9:24:11,Indonesia Barat,3A,1Q Cirebon,Exwin Subianto,Toko Dua Putra,623219,AHMAD HARTONO,1
20/08/2026 10:57:23,Indonesia Timur,8,3Q Sampit,Agus Rahman,CV. Karya Jaya,604535,Setia Wijaya,1
20/08/2026 11:52:37,Indonesia Barat,2A,1A Jakarta,Topan,Sinar Poncol,620345,Koh Leo,1
20/08/2026 12:15:06,Indonesia Timur,8,3K Balik Papan,Agus Rahman,CV KOTA TUAIAN,640907,Robert Guey,1
20/08/2026 13:51:37,Indonesia Timur,9A,3O Kendari,Hery Suyanto,CV. Cipta Aneka Sarana,606696,Edy Pandean,1
20/08/2026 15:17:28,Indonesia Barat,3A,1Y Pati,Exwin Subianto,Fitrah Jaya,612490,Suwardi,1
20/08/2026 15:19:14,Indonesia Barat,3A,1Y Pati,Exwin Subianto,CV. Anugerah Cahaya Pelangi,633022,Candra,1
20/08/2026 17:23:06,Indonesia Barat,5,4A Medan,Andika Suhardi,CV. Sukses Harapan Baru,633940,Vincent dan Pipy Sandora,2
20/08/2026 17:25:24,Indonesia Barat,5,4A Medan,Andika Suhardi,PT. Dunia Warna Nusantara,634778,Frans,1
20/08/2026 17:32:31,Indonesia Barat,5,4A Medan,Andika Suhardi,Sinar Surya ,617509,William,1
21/08/2026 6:53:17,Indonesia Barat,3A,1P Semarang,Exwin Subianto,Cv.Mega Warna Agung,651912,Noveriansyah,1
21/08/2026 8:18:25,Indonesia Barat,2C,5O Serpong,SEPRIYADI,Sinar Panongan ,654878,Bong Boy Liong,1
21/08/2026 8:18:33,Indonesia Timur,7,3A Surabaya,Harijanto Purnawan,CV ANUGERAH,637797,SIOE LING,1
21/08/2026 8:28:18,Indonesia Timur,7,3A Surabaya,HARIJANTO PURNAWAN,CV SUMBER JAYA UTAMA,625957,DJUNARTO,1
21/08/2026 8:30:55,Indonesia Timur,7,3A Surabaya,HARIJANTO PURNAWAN,PT BUMI JAYA INDAH ABADI,624432,IBNU SUGIARTO,1
21/08/2026 8:32:32,Indonesia Timur,7,3A Surabaya,HARIJANTO PURNAWAN,CV PUTRA WISMA HARAPAN,631414,SUNDORO,1
21/08/2026 8:36:52,Indonesia Barat,2C,5O Serpong,SEPRIYADI,Budi utama ,615545,Henry,1
21/08/2026 9:42:34,Indonesia Barat,2A,1A Jakarta,TOPAN,P.T. AMEN PAINT SWADANA,619919,VINCENT,1
21/08/2026 9:44:25,Indonesia Barat,2A,1B Bahagia,Topan Wicaksono,PT BAHAGIA ADHI PERKASA,634792,Bapak Eka dan Bapak Ali,2
21/08/2026 9:47:12,Indonesia Barat,2C,5O Serpong,SEPRIYADI,Toko PT BA Bangunan,640480,Ahmad Saefullah,1
21/08/2026 9:48:24,Indonesia Barat,2A,1B Bahagia,Topan Wicaksono,DUNIA WARNA,664161,Bapak Dedy Bapak Epan Bapak Imron,3
21/08/2026 9:51:39,Indonesia Barat,2B,5K Jatiasih,Syahrial Wibowo ,Karya Wijaya ,620001,Saidi Kuntara ,1
21/08/2026 9:51:44,Indonesia Barat,2A,1A Jakarta,TOPAN,PT. INDOLION PERKASADJAJA CHEMICAL,645237,RICKY & LISA,2
21/08/2026 9:52:47,Indonesia Barat,2A,1B Bahagia,Topan Wicaksono ,CV MULIA JAYA GEMILANG ,665934,Bapak Irwan Mulia,1
21/08/2026 9:53:10,Indonesia Barat,2A,1A Jakarta,TOPAN,CV. BUANA ARTA JAYA,662648,HENDRY / SYLVIA,1
21/08/2026 9:55:35,Indonesia Barat,2A,1B Bahagia,Topan Wicaksono ,PT GANEFO ASKARA MANGGALA,648574,"IBU VIVI,  BAPAK ADI",2
21/08/2026 9:56:20,Indonesia Barat,2B,5K Jatiasih,Syahrial ,CV Gaman Sakti ,656412,Hj Manto,1
21/08/2026 10:01:30,Indonesia Barat,2A,1B Bahagia,topan.wijaksono,Pt.indowarna makmur perkasa(wanda),664026,Jimmy wijaya,1
21/08/2026 10:17:13,Indonesia Barat,2A,1A Jakarta,TOPAN,PESONA WARNA,619813,ERNI & FREDY,2
21/08/2026 10:21:15,Indonesia Barat,2C,5O Serpong,SEPRIYADI,Amaro depo tinting ,661668,pak Dedi ,1
21/08/2026 10:32:28,Indonesia Timur,8,6H Berau,Agus Rahman,CV Lia Jaya,656362,Lidya,1
21/08/2026 10:32:37,Indonesia Barat,2B,5K Jatiasih,Syahrial wibowo,Sinar Fajar,607370,Le Novendy,1
21/08/2026 10:34:09,Indonesia Barat,2A,1B Bahagia,Topan Wicaksono,SUMBER MAS UNGGUL NASTARI,644380,"Bapak Hanen, Bapak Aldo",2
21/08/2026 10:47:50,Indonesia Barat,2A,1B Bahagia,Topan Wicaksono,WIN JAYA,624017,"Erwin, Devi, Valishia",1
21/08/2026 10:50:36,Indonesia Barat,2A,1B Bahagia,Topan Wicaksono,SINAR ABADI,619309,"PAK INDRA , BU NONI",2
21/08/2026 10:52:44,Indonesia Barat,2A,1B Bahagia,Topan Wicaksono,CV CAHAYA ABADI JAYA SENTOSA,660368,"Pak Candra, Bu Susi",2
21/08/2026 10:54:34,Indonesia Barat,2B,1E Cikarang,erwin then,PT MS Mandiri Perkasa,629693,seriwati,1
21/08/2026 11:10:39,Indonesia Barat,2B,1E Cikarang,Erwin Then,Ayong motor cikarang,652837,Leonardo & Herlin,2
21/08/2026 11:15:11,Indonesia Timur,7,3B Irian Jaya,Yonathan,PT SUMBER MAS BANGUNAN,601418,WANDY,1
21/08/2026 11:20:05,Indonesia Timur,7A,3T Madura,Yonathan,Haryono mustofa ( hidup jaya ),637879,Cristine,1
21/08/2026 11:38:40,Indonesia Barat,2B,1E Cikarang,Erwin Then,Musyafa Warna ,628488,Dewi / Saryono,1
21/08/2026 11:42:55,Indonesia Barat,2B,1E Cikarang,erwin tan,toko cat indya ,607427,ko alung,1
21/08/2026 11:44:50,Indonesia Barat,2B,1E Cikarang,Pak Erwin,Yan purnama,607787,Koh Riyan,1
21/08/2026 13:57:24,Indonesia Barat,2B,5K Jatiasih,Syahrial wibowo,Warna setia,607448,Jefri setiawan,1
21/08/2026 13:58:41,Indonesia Barat,2C,5O Serpong,SEPRIYADI,Leo two,615233,Pak Andi Zainal,1
21/08/2026 14:03:54,Indonesia Barat,2B,1E Cikarang,Erwin Then,PT. Bumi Nusantara Wijaya,656406,Tommy,1
21/08/2026 14:17:00,Indonesia Barat,2B,5K Jatiasih,Syahrial wibowo,Mitra inovasi gemilang,649704,Ko Nick dan ci nani,2
21/08/2026 15:27:23,Indonesia Barat,3A,5A Pemalang,Exwin Subianto,S E N G,613860,BAMBANG,1
21/08/2026 16:15:22,Indonesia Barat,2B,1C Cikampek,ERWIN THEN,CV MEGA FORTUNE INDONESIA,628571,WANTO DAN KAMAL,2
21/08/2026 16:32:56,Indonesia Barat,2B,1C Cikampek,ERWIN THEN,MULTI TEKNIK BANGUNAN,624632,HENDRY,1
21/08/2026 16:34:00,Indonesia Barat,2B,1C Cikampek,ERWIN THEN,PT. TRIPUTRA MITRA PRATAMA,661540,VINCENT DAN CHARLES,2
21/08/2026 16:48:12,Indonesia Timur,6,3H Bali,Edy Purwoadji ,CV. CIPTA PESONA ADIWARNA,661144,Bayu Ongko Sanjoyo,1
21/08/2026 16:51:57,Indonesia Barat,2B,5K Jatiasih,Syahrial Wibowo,CV. MURAH METALINDO,619795,Pak Budi dan Ci Mellisa,2
21/08/2026 17:33:03,Indonesia Barat,4,1S Bogor,Pak Oki,Jaya Lestari,619739,Ibu Nanik & Bapak Anang,2
21/08/2026 18:25:06,Indonesia Barat,2B,1E Cikarang,Erwin then,PT mandiri terus bersama,651689,Nopi junmadi dan Marisa,2
22/08/2026 8:46:04,Indonesia Barat,2A,1A Jakarta,TOPAN,BOROBUDUR,619492,MICHEL & VIVI,2
22/08/2026 9:03:14,Indonesia Barat,2B,5K Jatiasih,Syahrial,Sun Hardware,640536,Anthonius Gosal Parusia,1
22/08/2026 9:14:34,Indonesia Barat,2A,1A Jakarta,TOPAN,BURSA PAINT,636328,GANDI,1
22/08/2026 9:19:23,Indonesia Barat,2B,5K Jatiasih,Syahrial,Sumber Jaya ,635808,Latif Huarrayantoro,1
22/08/2026 9:31:20,Indonesia Barat,2A,1A Jakarta,TOPAN,SEDERHANA,620257,KOH TEDDY,1
22/08/2026 9:36:25,Indonesia Barat,3A,5A Pemalang,Exwin Subianto,Putra Jaya,635795,Azadullah,1
22/08/2026 9:56:55,Indonesia Barat,2C,1R Tangerang,SEPRIYADI,indo bangunan,614772,ci linda & koh hadi,2
22/08/2026 9:58:58,Indonesia Barat,2C,1R Tangerang,SEPRIYADI,pt.sinarjaya adhi makmur,626926,ci tasya & ko stefanus kurniawan,2
22/08/2026 10:18:13,Indonesia Barat,2B,5K Jatiasih,Syahrial Wibowo,Duta Warna,607200,Rudi Wijaya,1
22/08/2026 11:44:56,Indonesia Timur,7,6D Jayapura,Harijanto Purnawan,CV KAWAN SEJATI,645022,FIJAYA,1
22/08/2026 22:19:37,Indonesia Barat,2A,1D THK,Topan,Bella warna,630563,Sugiono,1
22/08/2026 22:20:11,Indonesia Barat,2A,1D THK,Topan ,Sumber jaya,618577,Ricky,1
22/08/2026 22:21:28,Indonesia Barat,2A,1D THK,Topan,PT. Taruma harum kharisma (Panca Jaya) ,647046,Indra,1
22/08/2026 22:22:20,Indonesia Barat,2A,1D THK,Topan,CV Tulus Metta,639328,Nicco,1
22/08/2026 22:23:29,Indonesia Barat,2A,1D THK,Topan ,PT. Chandra Sekaba Bersama,617854,Sujadi Tjandra,1
23/08/2026 7:53:58,Indonesia Barat,2A,1D THK,Topan,Usaha warna,618785,Pak Adek,1
23/08/2026 7:54:59,Indonesia Barat,2A,1D THK,Topan,Cahaya jaya,617824,H. Ato,1
23/08/2026 7:55:56,Indonesia Barat,2A,1D THK,Topan ,Dwi Warna abadi,617917,Rahmat kuncoro,1
23/08/2026 7:57:11,Indonesia Barat,2A,1D THK,Topan,Unggul sejahtera,620525,Ho fung ly,1
23/08/2026 7:58:13,Indonesia Barat,2A,1D THK,Topan,Jaya warna,618062,Irham jaya,1
23/08/2026 8:41:16,Indonesia Barat,2A,1D THK,Topan,Wijaya karya,625863,Feliana,1
23/08/2026 15:55:39,Indonesia Barat,2A,1D THK,Topan,Guna warna mandiri,617953,Irwan,1
23/08/2026 15:57:11,Indonesia Barat,2A,1D THK,Topan,PT Andika Jaya Mulia ,639371,Ahap,1
23/08/2026 15:57:44,Indonesia Barat,2A,1D THK,Topan,Sinar cemerlang,623909/618851 ,Nico,1
24/08/2026 8:38:20,Indonesia Barat,2A,1A Jakarta,TOPAN,WARNA KINCLONG,620548,IBU HENI,1
24/08/2026 8:40:26,Indonesia Barat,2A,1A Jakarta,TOPAN,CAHAYA BANGUNAN,619520,RONIE & RAYMONT,2
24/08/2026 8:41:24,Indonesia Barat,2A,1A Jakarta,TOPAN,CV CAHAYA JAYA ADIPERKASA,660448,ROSE & KOH AGUAN,2
24/08/2026 9:42:10,Indonesia Barat,2A,1D THK,Topan,Sumber Mas Jaya,618599,Rindy,1
26/08/2026 9:32:42,Indonesia Barat,2C,5O Serpong,SEPRIYADI,Asia Warna ,615202,Dian,1
26/08/2026 10:12:14,Indonesia Barat,5,4A Medan,Andika Suhardi,CV. Warna Agung Sentosa,633617,Rinaldy Wibowo,1
26/08/2026 10:49:47,Indonesia Barat,2A,1D THK,Topan,CV Anugerah Cahaya Warna,655974,Susan,1
26/08/2026 10:50:23,Indonesia Barat,2A,1D THK,Topan,Graha warna,617949,Hengki,1
26/08/2026 13:22:15,Indonesia Barat,2A,1D THK,Topan,Makmur,623909/618143,Akon,1
27/08/2026 17:20:30,Indonesia Barat,2A,1A Jakarta,Ditta Yuniatta,PT CATUR MITRA SEJATI SENTOSA / MITRA 10,619545,Bpk Sugisanto Azis dan Bp Bobby Jonatan,2
27/08/2026 17:23:13,Indonesia Barat,2A,1A Jakarta,Ditta Yuniatta,MT PT PINANGSIA JAYA / RENOTOP,621488,Bpk Lukman Soegiharto dan Ibu Silva,2
27/08/2026 17:25:47,Indonesia Barat,2A,1A Jakarta,Ditta Yuniatta,MT PT MADJU PRIMA SEJAHTERA / MADJU KALIMALANG,619768,Bpk Lawrence,1
27/08/2026 17:27:25,Indonesia Barat,2A,1A Jakarta,Ditta Yuniatta,MT PT DUTA SENTOSA YASA / MR DIY,639084,Bpk Alvin Rasjid Herman Suherman dan Muhamad Ibnu Khaldun,2
27/08/2026 17:30:24,Indonesia Barat,2A,1A Jakarta,Ditta Yuniatta,MT PT CATURKARDA DEPO BANGUNAN Tbk. / Depo Bangunan Indonesia Barat,619509,Ibu Amanda Grace Kettin dan Bp Siprihatin,2
27/08/2026 17:33:59,Indonesia Barat,2A,1A Jakarta,Alvin Tanu Raharja,MT PT ANYAR RETAIL INDONESIA / RKM & TRI WARNA GROUP,608219,Bpk Kelvin Sumarli Lie dan Bpk Steven Sumarli Lie,2
27/08/2026 18:13:04,Indonesia Barat,1A,1Z Bandar Jaya,Andika Suhardi,Sumber Kunci,639375,Tamrin,1
28/08/2026 8:19:47,Indonesia Barat,3B,1O Yogyakarta,Johny Afero,Warna Abadi Group,611717,Hendri,1
28/08/2026 8:26:40,Indonesia Barat,5,4A Medan,Andika Suhardi,CV. Warna Agung Mandiri,633616,Ryan Wibowo dan Law Min Mei,2
28/08/2026 8:27:19,Indonesia Barat,5,4A Medan,Andika Suhardi,PT. Centra Bangunan Makmur,637900,Budi,1
28/08/2026 10:30:48,Indonesia Barat,2B,5K Jatiasih,Syahrial,Sumber makmur,644040,Bpk heng tjheng siang,1
28/08/2026 12:57:40,Indonesia Barat,5,4C Pematang Siantar,Andika Suhardi,Mitra Niaga,617558,Hartono (Achiong),1
28/08/2026 12:58:16,Indonesia Barat,5,4A Medan,Andika Suhardi,CV. Rimba Kencana,633980,Farley,1
28/08/2026 13:59:21,Indonesia Barat,3A,1Q Cirebon,Exwin Subianto,Tiki Citra Sarana Adipradana,614316,Ibu Tience,1
28/08/2026 15:58:36,Indonesia Barat,2C,1R Tangerang,SEPRIYADI,SUMBER KARYA,614602,IBU INDAWATI DAN BAPAK JIMMY KURNIAWAN,1
28/08/2026 18:35:29,Indonesia Barat,1B,1U Pekan Baru,Andika Suhardi,PT. Fakta Jaya Asia,637762,Margareth,1
28/08/2026 20:50:30,Indonesia Timur,7,3A Surabaya,Ditta Yuniatta,MT - Depo Bangunan Timur,600000,Yahya Efprianto dan Ibu Cherly Christi,2
28/08/2026 20:58:46,Indonesia Barat,1B,1U Pekan Baru,Ditta Yuniatta,MT - GLOBAL BANGUNAN,623485,Ibu Christin,1
29/08/2026 6:51:34,Indonesia Barat,3A,1P Semarang,Exwin Subianto,BP.HASAN,612325,Ko Alan,1
29/08/2026 6:53:25,Indonesia Barat,3A,1P Semarang,Exwin Subianto,PT.WIDA UTAMA,613043,Pak Satriyo,1
29/08/2026 6:55:21,Indonesia Barat,3A,1P Semarang,Exwin Subianto,CV.TASINDO DAYA,639842,Ko Jimmy,1
31/08/2026 18:21:04,Indonesia Barat,3B,1V Purwokerto,Johny afero,PT. PANTALI BERKAH SENTOSA,624628,Tjong siung kuong,1
31/08/2026 18:35:03,Indonesia Barat,3B,1V Purwokerto,Johny Afero,CV. ANEKA PUTRA,650259,KO David,1
01/09/2026 14:21:48,Indonesia Barat,3A,1Y Pati,Exwin Subianto,Cv. Guna Sentosa,612521,Gunawan,1
,,,,,,,,
,,,,,,,,166