MG Code,MG Name,SOTP Code,SOTP Name,Depot Code,Salesman,SPV,Target DN Pembulatan Inc. PPN
632723,CV. HALIM JAYA BERSAMA,632723,CV. HALIM JAYA BERSAMA,1S,90002029   Mr REZA ZULKARNAIN (SPV),90000385   Mr BOGOR," 5,619,000,000 "
661398,INDO BANGUNAN RETAIL,661398,INDO BANGUNAN RETAIL,1S,90002029   Mr REZA ZULKARNAIN (SPV),90000385   Mr BOGOR," 3,166,000,000 "
661401,JAYA BARU BAJA,661401,JAYA BARU BAJA,1S,90002029   Mr REZA ZULKARNAIN (SPV),90000385   Mr BOGOR," 2,919,000,000 "
615489,ANDALAN,615489,ANDALAN,1S,90000060   Mr WILLY CHANDRA (SPV),90000758   Mr CANDRA BUDIMAN," 1,600,000,000 "
638099,CV. MITRA BANGUN MAJU PRIMA,638099,CV. MITRA BANGUN MAJU PRIMA,5C,90002442   Mr REZA RAMADAN PEBRIANTO (SPV),90001429   Mr HANDI HARDIANSYAH," 820,000,000 "
633160,CV. MITRA SUKSES MAKMUR,633160,CV. MITRA SUKSES MAKMUR,1S,90001984   Mr MUHAMMAD SIDIK (SPV),90000865   Mr HARI MUHTAR," 1,092,000,000 "
627865,CV.FAFA JAVA,627865,CV.FAFA JAVA,5C,90002442   Mr REZA RAMADAN PEBRIANTO (SPV),90001429   Mr HANDI HARDIANSYAH," 905,000,000 "
660253,PT. SINAR ASIA BARU,660253,PT. SINAR ASIA BARU,5C,90002442   Mr REZA RAMADAN PEBRIANTO (SPV),90001207   Mr ENDANG RUSTANDI," 887,000,000 "
615739,MAKMUR JAYA,615739,MAKMUR JAYA,1S,90000060   Mr WILLY CHANDRA (SPV),90000056   Mr AKON SAPUTRA," 787,000,000 "
649421,CV. BERKAH INDO,649421,CV. BERKAH INDO,5C,90002442   Mr REZA RAMADAN PEBRIANTO (SPV),90001804   Mr SOPYAN HIDAYAT," 640,000,000 "
615706,KENCANA,615706,KENCANA,1S,90000060   Mr WILLY CHANDRA (SPV),90000056   Mr AKON SAPUTRA," 565,000,000 "
608230,PT.RODA MAS KELUARGA JAYA,608230,PT.RODA MAS KELUARGA JAYA,5C,90002442   Mr REZA RAMADAN PEBRIANTO (SPV),90002441   Mrs NEVIA LAURA WIRANTA," 558,000,000 "
615625,FERRUM,615625,FERRUM,1S,90000060   Mr WILLY CHANDRA (SPV),90000616   Mr MUHAMAD ZAKARIA," 550,000,000 "
615770,MITRA BANGUNAN,615770,MITRA BANGUNAN,1S,90000060   Mr WILLY CHANDRA (SPV),90000616   Mr MUHAMAD ZAKARIA," 543,000,000 "
637919,SEMANGAT BARU,637919,SEMANGAT BARU,1S,90000060   Mr WILLY CHANDRA (SPV),90000843   Mr DEDY RAHMAN," 537,000,000 "
615659,INDAH JAYA,615659,INDAH JAYA,1S,90001984   Mr MUHAMMAD SIDIK (SPV),90000865   Mr HARI MUHTAR," 500,000,000 "
616098,TB.MITRA JAYA BANGUNAN,616098,TB.MITRA JAYA BANGUNAN,1S,90000060   Mr WILLY CHANDRA (SPV),90000594   Mr MUHAMAD ALWI APRIANSYAH," 497,000,000 "
615728,MADU RATNA,615728,MADU RATNA,1S,90001984   Mr MUHAMMAD SIDIK (SPV),90000865   Mr HARI MUHTAR," 486,000,000 "
608215,PT CAHAYA PERKASA SENTANA,608215,PT CAHAYA PERKASA SENTANA,5C,90002442   Mr REZA RAMADAN PEBRIANTO (SPV),90001429   Mr HANDI HARDIANSYAH," 478,000,000 "
615824,PB. SINAR JAYA 2,615824,PB. SINAR JAYA 2,1S,90000060   Mr WILLY CHANDRA (SPV),90000616   Mr MUHAMAD ZAKARIA," 427,000,000 "
616031,SUMBER USAHA,616031,SUMBER USAHA,1S,90000060   Mr WILLY CHANDRA (SPV),90000594   Mr MUHAMAD ALWI APRIANSYAH," 425,000,000 "
622814,GELAR WANGI,622814,GELAR WANGI,5C,90002442   Mr REZA RAMADAN PEBRIANTO (SPV),90001207   Mr ENDANG RUSTANDI," 422,000,000 "
616150,WARNA WARNI,616150,WARNA WARNI,1S,90000060   Mr WILLY CHANDRA (SPV),90000594   Mr MUHAMAD ALWI APRIANSYAH," 414,000,000 "
616178,UTAMA,616178,UTAMA,1S,90000060   Mr WILLY CHANDRA (SPV),90000443   Mr ABDOEL ROSYID," 398,000,000 "
631846,CV. HAKA ANUGRAH JAYA,631846,CV. HAKA ANUGRAH JAYA,5C,90002442   Mr REZA RAMADAN PEBRIANTO (SPV),90001207   Mr ENDANG RUSTANDI," 357,000,000 "
634336,CV. CAHAYA BARU MAKMUR,634336,CV. CAHAYA BARU MAKMUR,1S,90000060   Mr WILLY CHANDRA (SPV),90000056   Mr AKON SAPUTRA," 345,000,000 "
615682,JAYA MAKMUR,615682,JAYA MAKMUR,1S,90000060   Mr WILLY CHANDRA (SPV),90000056   Mr AKON SAPUTRA," 343,000,000 "
660794,CV. KARYA REJEKI JAYA,660794,CV. KARYA REJEKI JAYA,5C,90002442   Mr REZA RAMADAN PEBRIANTO (SPV),90001429   Mr HANDI HARDIANSYAH," 341,000,000 "
615734,MAJU JAYA,615734,MAJU JAYA,1S,90000060   Mr WILLY CHANDRA (SPV),90000594   Mr MUHAMAD ALWI APRIANSYAH," 336,000,000 "
615904,RODA MAS II,615904,RODA MAS II,1S,90001984   Mr MUHAMMAD SIDIK (SPV),90000057   Mr YOGIE PRASETYA," 329,000,000 "
643584,CV. LINTAS INTI MANDIRI,643584,CV. LINTAS INTI MANDIRI,5C,90002442   Mr REZA RAMADAN PEBRIANTO (SPV),90001447   Mr RYAN KURNIAWAN," 326,000,000 "
615941,SETIA MURAH,615941,SETIA MURAH,5C,90002442   Mr REZA RAMADAN PEBRIANTO (SPV),90002441   Mrs NEVIA LAURA WIRANTA," 324,000,000 "
632376,TANJAKAN JAYA,632376,TANJAKAN JAYA,1S,90000060   Mr WILLY CHANDRA (SPV),90000443   Mr ABDOEL ROSYID," 315,000,000 "
615671,JAMBUL,615671,JAMBUL,5C,90002442   Mr REZA RAMADAN PEBRIANTO (SPV),90002441   Mrs NEVIA LAURA WIRANTA," 314,000,000 "
615685,JAYA MAS,615685,JAYA MAS,1S,90001984   Mr MUHAMMAD SIDIK (SPV),90001627   Mr KUKUH DWI PUTRANTO," 307,000,000 "
615491,ANEKA BANGUNAN,615491,ANEKA BANGUNAN,1S,90000060   Mr WILLY CHANDRA (SPV),90000443   Mr ABDOEL ROSYID," 306,000,000 "
626018,TB.ANUGERAH JAYA,626018,TB.ANUGERAH JAYA,1S,90000060   Mr WILLY CHANDRA (SPV),90000758   Mr CANDRA BUDIMAN," 288,000,000 "
615686,JAYA MAS,615686,JAYA MAS,1S,90001984   Mr MUHAMMAD SIDIK (SPV),90000058   Miss RESTY FITRIANDINI," 268,000,000 "
625163,MEGA BORNEO,625163,MEGA BORNEO,1S,90000060   Mr WILLY CHANDRA (SPV),90000758   Mr CANDRA BUDIMAN," 268,000,000 "
615998,SUBUR,615998,SUBUR,1S,90001984   Mr MUHAMMAD SIDIK (SPV),90001346   Mr FUJI ISKANDAR SIAGIAN," 258,000,000 "
615839,PB.PUTRA PANDU,615839,PB.PUTRA PANDU,1S,90000060   Mr WILLY CHANDRA (SPV),90000616   Mr MUHAMAD ZAKARIA," 254,000,000 "
639420,TB. KARYA BANGUNAN,639420,TB. KARYA BANGUNAN,1S,90000060   Mr WILLY CHANDRA (SPV),90002298   Mr RUDI YUYUNG," 254,000,000 "
625190,ACC NUSANTARA RUKO,625190,ACC NUSANTARA RUKO,1S,90002029   Mr REZA ZULKARNAIN (SPV),90000385   Mr BOGOR," 254,000,000 "
637841,PT. BESI BAJA SUMBER REJEKI,637841,PT. BESI BAJA SUMBER REJEKI,1S,90000060   Mr WILLY CHANDRA (SPV),90000843   Mr DEDY RAHMAN," 249,000,000 "
616013,SUMBER BANGUN REJEKI,616013,SUMBER BANGUN REJEKI,1S,90000060   Mr WILLY CHANDRA (SPV),90000758   Mr CANDRA BUDIMAN," 247,000,000 "
638410,CAHAYA BANGUNAN,638410,CAHAYA BANGUNAN,1S,90000060   Mr WILLY CHANDRA (SPV),90000443   Mr ABDOEL ROSYID," 243,000,000 "
616071,TB.BATUPAYUNG JAYA,616071,TB.BATUPAYUNG JAYA,1S,90000060   Mr WILLY CHANDRA (SPV),90000594   Mr MUHAMAD ALWI APRIANSYAH," 241,000,000 "
626901,TB.CITAYAM BANGUNAN,626901,TB.CITAYAM BANGUNAN,1S,90001984   Mr MUHAMMAD SIDIK (SPV),90001627   Mr KUKUH DWI PUTRANTO," 239,000,000 "
657285,CV. SUPER HOME JAYA,657285,CV. SUPER HOME JAYA,1S,90002029   Mr REZA ZULKARNAIN (SPV),90000385   Mr BOGOR," 239,000,000 "
616157,SOFYAN KURNIAWAN,616157,SOFYAN KURNIAWAN,1S,90000060   Mr WILLY CHANDRA (SPV),90000056   Mr AKON SAPUTRA," 234,000,000 "
640888,TB. CILIWUNG JAYA MAKMUR,640888,TB. CILIWUNG JAYA MAKMUR,1S,90000060   Mr WILLY CHANDRA (SPV),90000616   Mr MUHAMAD ZAKARIA," 232,000,000 "
657792,PT. GSI MANDIRI BERSAMA,657792,PT. GSI MANDIRI BERSAMA,5C,90002442   Mr REZA RAMADAN PEBRIANTO (SPV),90002481   Mr HENDRIK," 231,000,000 "
616089,TB.JAYA LOGAM,616089,TB.JAYA LOGAM,1S,90000060   Mr WILLY CHANDRA (SPV),90000843   Mr DEDY RAHMAN," 227,000,000 "
637832,TB. SETUJU,637832,TB. SETUJU,5C,90002442   Mr REZA RAMADAN PEBRIANTO (SPV),90001091   Mr ELDO SEBASTIAN," 225,000,000 "
630491,MITRA,630491,MITRA,1S,90001984   Mr MUHAMMAD SIDIK (SPV),90001627   Mr KUKUH DWI PUTRANTO," 223,000,000 "
622082,CV. INDO GROUP,622082,CV. INDO GROUP,5C,90002442   Mr REZA RAMADAN PEBRIANTO (SPV),90001447   Mr RYAN KURNIAWAN," 217,000,000 "
660808,CV. MUKTI JAYA BANGUNAN,660808,CV. MUKTI JAYA BANGUNAN,1S,90000060   Mr WILLY CHANDRA (SPV),90000843   Mr DEDY RAHMAN," 215,000,000 "
648287,PT. RYUINDO CIPTA BANGUNAN,648287,PT. RYUINDO CIPTA BANGUNAN,1S,90000060   Mr WILLY CHANDRA (SPV),90000056   Mr AKON SAPUTRA," 215,000,000 "
616173,TUNAS JAYA,616173,TUNAS JAYA,1S,90001984   Mr MUHAMMAD SIDIK (SPV),90001626   Mr PUTRI AMALIA," 214,000,000 "
621975,PT.ARTAPRIMA CIPTA CATURINDO,621975,PT.ARTAPRIMA CIPTA CATURINDO,1S,90002029   Mr REZA ZULKARNAIN (SPV),90000385   Mr BOGOR," 213,000,000 "
615850,PB.YONG JAYA,615850,PB.YONG JAYA,1S,90000060   Mr WILLY CHANDRA (SPV),90000616   Mr MUHAMAD ZAKARIA," 210,000,000 "
615767,MITRA ANDA II,615767,MITRA ANDA II,1S,90000060   Mr WILLY CHANDRA (SPV),90000056   Mr AKON SAPUTRA," 210,000,000 "
615887,PUTRA MANDIRI,615887,PUTRA MANDIRI,1S,90001984   Mr MUHAMMAD SIDIK (SPV),90001626   Mr PUTRI AMALIA," 209,000,000 "
662123,CV. MITRA MAKMUR JAYA SUKSES,662123,CV. MITRA MAKMUR JAYA SUKSES,1S,90000060   Mr WILLY CHANDRA (SPV),90000616   Mr MUHAMAD ZAKARIA," 208,000,000 "
630711,TB .NERA BAJA,630711,TB .NERA BAJA,1S,90000060   Mr WILLY CHANDRA (SPV),90000758   Mr CANDRA BUDIMAN," 207,000,000 "
636526,CV.SETIA MAKMUR,636526,CV.SETIA MAKMUR,5C,90002442   Mr REZA RAMADAN PEBRIANTO (SPV),90001091   Mr ELDO SEBASTIAN," 207,000,000 "
644657,CV. TB INTI SEJATI,644657,CV. TB INTI SEJATI,1S,90000060   Mr WILLY CHANDRA (SPV),90000594   Mr MUHAMAD ALWI APRIANSYAH," 206,000,000 "
660779,CV. UTAMA BANGUNAN BARU,660779,CV. UTAMA BANGUNAN BARU,1S,90000060   Mr WILLY CHANDRA (SPV),90000055   Mr REVALDO MARVAN," 198,000,000 "
633548,CV. SUPER BERKAT SEJAHTERA,633548,CV. SUPER BERKAT SEJAHTERA,1S,90000060   Mr WILLY CHANDRA (SPV),90000843   Mr DEDY RAHMAN," 197,000,000 "
635195,CAHAYA MANDIRI,635195,CAHAYA MANDIRI,5C,90002442   Mr REZA RAMADAN PEBRIANTO (SPV),90001804   Mr SOPYAN HIDAYAT," 196,000,000 "
615617,DUTA BANGUNAN,615617,DUTA BANGUNAN,1S,90000060   Mr WILLY CHANDRA (SPV),90000055   Mr REVALDO MARVAN," 194,000,000 "
615586,CILIWUNG JAYA,615586,CILIWUNG JAYA,1S,90002029   Mr REZA ZULKARNAIN (SPV),90000385   Mr BOGOR," 193,000,000 "
627863,OCTAV BANGUNAN,627863,OCTAV BANGUNAN,1S,90001984   Mr MUHAMMAD SIDIK (SPV),90000057   Mr YOGIE PRASETYA," 192,000,000 "
615482,AGUNG,615482,AGUNG,1S,90000060   Mr WILLY CHANDRA (SPV),90002298   Mr RUDI YUYUNG," 189,000,000 "
644400,CV. TUGU MAS JAYA,644400,CV. TUGU MAS JAYA,1S,90001984   Mr MUHAMMAD SIDIK (SPV),90001346   Mr FUJI ISKANDAR SIAGIAN," 189,000,000 "
648262,TB IHSAN JAYA,648262,TB IHSAN JAYA,5C,90002442   Mr REZA RAMADAN PEBRIANTO (SPV),90001091   Mr ELDO SEBASTIAN," 184,000,000 "
615699,KARYA MUDA,615699,KARYA MUDA,1S,90000060   Mr WILLY CHANDRA (SPV),90000443   Mr ABDOEL ROSYID," 181,000,000 "
616008,SUKMA JAYA,616008,SUKMA JAYA,1S,90001984   Mr MUHAMMAD SIDIK (SPV),90001627   Mr KUKUH DWI PUTRANTO," 179,000,000 "
615581,CIAMPEA AGUNG,615581,CIAMPEA AGUNG,1S,90000060   Mr WILLY CHANDRA (SPV),90000443   Mr ABDOEL ROSYID," 178,000,000 "
615694,KALIMANTAN JAYA,615694,KALIMANTAN JAYA,1S,90000060   Mr WILLY CHANDRA (SPV),90000443   Mr ABDOEL ROSYID," 176,000,000 "
638091,ASIA WARNA 3,638091,ASIA WARNA 3,5C,90002442   Mr REZA RAMADAN PEBRIANTO (SPV),90002481   Mr HENDRIK," 176,000,000 "
633621,SENTRA KERAMIK MURAH,633621,SENTRA KERAMIK MURAH,5C,90002442   Mr REZA RAMADAN PEBRIANTO (SPV),90001804   Mr SOPYAN HIDAYAT," 171,000,000 "
615861,PD.MEKAR JAYA ABADI,615861,PD.MEKAR JAYA ABADI,1S,90001984   Mr MUHAMMAD SIDIK (SPV),90000865   Mr HARI MUHTAR," 170,000,000 "
615771,MITRA BANGUNAN,615771,MITRA BANGUNAN,1S,90000060   Mr WILLY CHANDRA (SPV),90000758   Mr CANDRA BUDIMAN," 169,000,000 "
615872,PESONA,615872,PESONA,1S,90000060   Mr WILLY CHANDRA (SPV),90000843   Mr DEDY RAHMAN," 166,000,000 "
642121,MURIA,642121,MURIA,5C,90002442   Mr REZA RAMADAN PEBRIANTO (SPV),90001447   Mr RYAN KURNIAWAN," 160,000,000 "
615613,DUNIA BANGUNAN,615613,DUNIA BANGUNAN,1S,90000060   Mr WILLY CHANDRA (SPV),90000443   Mr ABDOEL ROSYID," 155,000,000 "
615582,CIBANTENG AGUNG,615582,CIBANTENG AGUNG,1S,90000060   Mr WILLY CHANDRA (SPV),90002298   Mr RUDI YUYUNG," 150,000,000 "
615609,DIKA MANDIRI,615609,DIKA MANDIRI,1S,90000060   Mr WILLY CHANDRA (SPV),90002298   Mr RUDI YUYUNG," 147,000,000 "
616162,UD.BERKAH AGUNG II,616162,UD.BERKAH AGUNG II,1S,90000060   Mr WILLY CHANDRA (SPV),90000594   Mr MUHAMAD ALWI APRIANSYAH," 140,000,000 "
616114,TB.SEDERHANA BARU,616114,TB.SEDERHANA BARU,1S,90000060   Mr WILLY CHANDRA (SPV),90000443   Mr ABDOEL ROSYID," 137,000,000 "
636069,TB.ALFA PUTRA,636069,TB.ALFA PUTRA,1S,90001984   Mr MUHAMMAD SIDIK (SPV),90001206   Mr M FATIKHUL IKHSAN," 137,000,000 "
636386,TB.CAHAYA ANUGRAH,636386,TB.CAHAYA ANUGRAH,1S,90001984   Mr MUHAMMAD SIDIK (SPV),90001626   Mr PUTRI AMALIA," 136,000,000 "
616109,TB.PUSPA INDAH,616109,TB.PUSPA INDAH,1S,90001984   Mr MUHAMMAD SIDIK (SPV),90000865   Mr HARI MUHTAR," 135,000,000 "
622349,MADIAUMA 2,622349,MADIAUMA 2,5C,90002442   Mr REZA RAMADAN PEBRIANTO (SPV),90001207   Mr ENDANG RUSTANDI," 132,000,000 "
660875,PB.TRIPUTRI HADI BANGUNAN,660875,PB.TRIPUTRI HADI BANGUNAN,1S,90001984   Mr MUHAMMAD SIDIK (SPV),90001206   Mr M FATIKHUL IKHSAN," 128,000,000 "
615749,MATAHARI,615749,MATAHARI,5C,90002442   Mr REZA RAMADAN PEBRIANTO (SPV),90001447   Mr RYAN KURNIAWAN," 126,000,000 "
630397,HAMZAH JAYA,630397,HAMZAH JAYA,1S,90000060   Mr WILLY CHANDRA (SPV),90000616   Mr MUHAMAD ZAKARIA," 125,000,000 "
662421,PT. SUBUR ABADI DUA,662421,PT. SUBUR ABADI DUA,1S,90001984   Mr MUHAMMAD SIDIK (SPV),90000057   Mr YOGIE PRASETYA," 116,000,000 "
622495,BETON MAS,622495,BETON MAS,5C,90002442   Mr REZA RAMADAN PEBRIANTO (SPV),90001207   Mr ENDANG RUSTANDI," 112,000,000 "
642177,CV.JAYA BANGUNAN ABADI,642177,CV.JAYA BANGUNAN ABADI,5C,90002442   Mr REZA RAMADAN PEBRIANTO (SPV),90001207   Mr ENDANG RUSTANDI," 112,000,000 "
624753,PT. BERDIKARI INDO SUPER GROSIR,624753,PT. BERDIKARI INDO SUPER GROSIR,5C,90002442   Mr REZA RAMADAN PEBRIANTO (SPV),90001091   Mr ELDO SEBASTIAN," 184,000,000 "
663795,KIMLI SINAR MANDIRI JAYA,663795,KIMLI SINAR MANDIRI JAYA,1S,90001984   Mr MUHAMMAD SIDIK (SPV),90000058   Miss RESTY FITRIANDINI," 110,000,000 "
658767,CV . MELATI BANGUNAN,658767,CV . MELATI BANGUNAN,5C,90002442   Mr REZA RAMADAN PEBRIANTO (SPV),90001091   Mr ELDO SEBASTIAN," 109,000,000 "
619739,JAYA LESTARI,619739,JAYA LESTARI,1S,90000060   Mr WILLY CHANDRA (SPV),90000616   Mr MUHAMAD ZAKARIA," 108,000,000 "
635756,RM. PUTRA SEDEKAN,635756,RM. PUTRA SEDEKAN,5C,90002442   Mr REZA RAMADAN PEBRIANTO (SPV),90001091   Mr ELDO SEBASTIAN," 98,000,000 "
616189,TOKO ARIA JAYA,616189,TOKO ARIA JAYA,1S,90001984   Mr MUHAMMAD SIDIK (SPV),90001626   Mr PUTRI AMALIA," 94,000,000 "
641760,BERKAH MEKAR UTAMA,641760,BERKAH MEKAR UTAMA,5C,90002442   Mr REZA RAMADAN PEBRIANTO (SPV),90001804   Mr SOPYAN HIDAYAT," 88,000,000 "
634439,TIGA DARA,634439,TIGA DARA,5C,90002442   Mr REZA RAMADAN PEBRIANTO (SPV),90002481   Mr HENDRIK," 87,000,000 "
634669,CITRA REMAJA,634669,CITRA REMAJA,5C,90002442   Mr REZA RAMADAN PEBRIANTO (SPV),90001804   Mr SOPYAN HIDAYAT," 77,000,000 "
631240,TB.SINAR MUTIARA,631240,TB.SINAR MUTIARA,1S,90001984   Mr MUHAMMAD SIDIK (SPV),90001627   Mr KUKUH DWI PUTRANTO," 59,000,000 "
644217,TB. BOMAR BERKAH JAYA PUTRI,644217,TB. BOMAR BERKAH JAYA PUTRI,1S,90000060   Mr WILLY CHANDRA (SPV),90000616   Mr MUHAMAD ZAKARIA," 59,000,000 "
662404,DIAN JAYA,662404,DIAN JAYA,5C,90002442   Mr REZA RAMADAN PEBRIANTO (SPV),90001804   Mr SOPYAN HIDAYAT," 53,000,000 "
