Wilayah,REGION,KODE DEPOT,DEPOT
Komunitas & Media,Komunitas & Media,KOMMEDIA,Komunitas & Media
Indonesia Barat,1A,1G,1G Lampung
Indonesia Barat,1A,1Z,1Z Bandar Jaya
Indonesia Barat,1A,5D,5D Baturaja
Indonesia Barat,1B,1H,1H Jambi
Indonesia Barat,1B,1I,1I Padang
Indonesia Barat,1B,1U,1U Pekan Baru
Indonesia Barat,1B,5B,5B Bukittinggi
Indonesia Barat,1B,5V,5V Solok
Indonesia Barat,1B,5Y,5Y Dumai
Indonesia Barat,1B,5Z,5Z Rengat
Indonesia Barat,1C,1J,1J Palembang
Indonesia Barat,1C,1K,1K Bengkulu
Indonesia Barat,1C,1L,1L Bangka
Indonesia Barat,1C,1M,1M Belitung
Indonesia Barat,1C,5L,5L Lubuk Linggau
Indonesia Barat,1C,5U,5U Muara Bungo
Indonesia Barat,2A,1A,1A Jakarta
Indonesia Barat,2A,1B,1B Bahagia
Indonesia Barat,2A,1D,1D THK
Indonesia Barat,2A,5S,5S Tanjung Pinang A
Indonesia Barat,2A,5T,5T Tanjung Pinang B
Indonesia Barat,2B,1C,1C Cikampek
Indonesia Barat,2B,1E,1E Cikarang
Indonesia Barat,2B,5K,5K Bekasi
Indonesia Barat,2B,5P,5P Subang
Indonesia Barat,2B,5X,5X Wanaherang
Indonesia Barat,2C,1R,1R Tangerang
Indonesia Barat,2C,1X,1X Serang
Indonesia Barat,2C,5O,5O Serpong
Indonesia Barat,2C,5Q,5Q Malimping
Indonesia Barat,2C,5R,5R Maja
Indonesia Barat,2C,5W,5W Sawangan
Indonesia Barat,3A,1P,1P Semarang
Indonesia Barat,3A,1Q,1Q Cirebon
Indonesia Barat,3A,1Y,1Y Pati
Indonesia Barat,3A,5A,5A Pemalang
Indonesia Barat,3A,5M,5M Blora
Indonesia Barat,3A,7A,7A Tegal
Indonesia Barat,3B,1N,1N Solo
Indonesia Barat,3B,1O,1O Yogyakarta
Indonesia Barat,3B,1V,1V Purwokerto
Indonesia Barat,3B,5N,5N Kebumen
Indonesia Barat,4,1F,1F Bandung
Indonesia Barat,4,1S,1S Bogor
Indonesia Barat,4,1T,1T Pontianak
Indonesia Barat,4,1W,1W Tasikmalaya
Indonesia Barat,4,5C,5C Cianjur
Indonesia Barat,4,5F,5F Singkawang
Indonesia Barat,4,5G,5G Sintang
Indonesia Barat,4,5H,5H Garut
Indonesia Barat,4,5I,5I Kopo
Indonesia Barat,4,5J,5J Ketapang
Indonesia Barat,5A,4A,4A Medan
Indonesia Barat,5A,4B,4B Aceh
Indonesia Barat,5B,4C,4C Pematang Siantar
Indonesia Barat,5B,4D,4D Rantau Prapat
Indonesia Barat,5B,4F,4F Padang Sidempuan
Indonesia Timur,6,3C,3C Kupang
Indonesia Timur,6,3G,3G Jember
Indonesia Timur,6,3H,3H Bali
Indonesia Timur,6,3I,3I Lombok
Indonesia Timur,6,3U,3U Maumere
Indonesia Timur,6,6C,6C Banyuwangi
Indonesia Timur,6,6G,6G Singaraja
Indonesia Timur,6,6M,6M Waingapu
Indonesia Timur,6A,3E,3E Malang
Indonesia Timur,6A,3F,3F Kediri
Indonesia Timur,6A,3Z,3Z Blitar
Indonesia Timur,6A,6B,6B Madiun
Indonesia Timur,6A,6J,6J Probolinggo
Indonesia Timur,7,3A,3A Surabaya
Indonesia Timur,7,3D,3D Timur Leste
Indonesia Timur,7,3Y,3Y Bojonegoro
Indonesia Timur,7,6D,6D Jayapura
Indonesia Timur,7,6E,6E Krian
Indonesia Timur,7,6N,6N Gresik
Indonesia Timur,7A,3B,3B Irian Jaya
Indonesia Timur,7A,3T,3T Madura
Indonesia Timur,8,3J,3J Samarinda
Indonesia Timur,8,3K,3K Balik Papan
Indonesia Timur,8,3L,3L Banjarmasin
Indonesia Timur,8,3Q,3Q Sampit
Indonesia Timur,8,6H,6H Berau
Indonesia Timur,8,6I,6I Palangkaraya
Indonesia Timur,8,6K,6K Batu Licin
Indonesia Timur,9,3M,3M Manado
Indonesia Timur,9,3N,3N Makassar
Indonesia Timur,9,3R,3R Palu
Indonesia Timur,9,3V,3V Ternate
Indonesia Timur,9,3W,3W Pinrang
Indonesia Timur,9,3X,3X Bone
Indonesia Timur,9,6F,6F Palopo
Indonesia Timur,9A,3O,3O Kendari
Indonesia Timur,9A,3P,3P Ambon
Indonesia Timur,9A,3S,3S Gorontalo
Indonesia Timur,9A,6A,6A Bau Bau
Indonesia Timur,9A,6L,6L Pulau Seram
